"sample_id","dry_matter_g_100g","date","location","type","total_length_mm","mass_g","local_name","latin_name","nutrient","value","unit"
"T_001_W","20","20-01-2022","Kisumu","Wild","326","707","tilapia","Oreochromis niloticus","v_mg",4e-04,"mg_100g"
"T_001_W","20","20-01-2022","Kisumu","Wild","326","707","tilapia","Oreochromis niloticus","cr_mg", ,"mg_100g"
"T_001_W","20","20-01-2022","Kisumu","Wild","326","707","tilapia","Oreochromis niloticus","mn_mg",0.033,"mg_100g"
"T_001_W","20","20-01-2022","Kisumu","Wild","326","707","tilapia","Oreochromis niloticus","fe_mg",0.43,"mg_100g"
"T_001_W","20","20-01-2022","Kisumu","Wild","326","707","tilapia","Oreochromis niloticus","co_mg", ,"mg_100g"
"T_001_W","20","20-01-2022","Kisumu","Wild","326","707","tilapia","Oreochromis niloticus","ni_mg", ,"mg_100g"
"T_001_W","20","20-01-2022","Kisumu","Wild","326","707","tilapia","Oreochromis niloticus","cu_mg",0.011,"mg_100g"
"T_001_W","20","20-01-2022","Kisumu","Wild","326","707","tilapia","Oreochromis niloticus","zn_mg",0.26,"mg_100g"
"T_001_W","20","20-01-2022","Kisumu","Wild","326","707","tilapia","Oreochromis niloticus","as_mg",5e-04,"mg_100g"
"T_001_W","20","20-01-2022","Kisumu","Wild","326","707","tilapia","Oreochromis niloticus","se_mg",0.0074,"mg_100g"
"T_001_W","20","20-01-2022","Kisumu","Wild","326","707","tilapia","Oreochromis niloticus","mo_mg", ,"mg_100g"
"T_001_W","20","20-01-2022","Kisumu","Wild","326","707","tilapia","Oreochromis niloticus","ag_mg", ,"mg_100g"
"T_001_W","20","20-01-2022","Kisumu","Wild","326","707","tilapia","Oreochromis niloticus","cd_mg", ,"mg_100g"
"T_001_W","20","20-01-2022","Kisumu","Wild","326","707","tilapia","Oreochromis niloticus","hg_mg",8e-04,"mg_100g"
"T_001_W","20","20-01-2022","Kisumu","Wild","326","707","tilapia","Oreochromis niloticus","pb_mg", ,"mg_100g"
"T_001_W","20","20-01-2022","Kisumu","Wild","326","707","tilapia","Oreochromis niloticus","ca_mg",7.9,"mg_100g"
"T_001_W","20","20-01-2022","Kisumu","Wild","326","707","tilapia","Oreochromis niloticus","na_mg",34,"mg_100g"
"T_001_W","20","20-01-2022","Kisumu","Wild","326","707","tilapia","Oreochromis niloticus","k_mg",330,"mg_100g"
"T_001_W","20","20-01-2022","Kisumu","Wild","326","707","tilapia","Oreochromis niloticus","mg_mg",25,"mg_100g"
"T_001_W","20","20-01-2022","Kisumu","Wild","326","707","tilapia","Oreochromis niloticus","p_mg",160,"mg_100g"
"T_001_W","20","20-01-2022","Kisumu","Wild","326","707","tilapia","Oreochromis niloticus","vitamin_d3",57,"mug_100g"
"T_001_W","20","20-01-2022","Kisumu","Wild","326","707","tilapia","Oreochromis niloticus","vitamin_a1",0.9,"mug_100g"
"T_001_W","20","20-01-2022","Kisumu","Wild","326","707","tilapia","Oreochromis niloticus","vitamin_a2", ,"mug_100g"
"T_001_W","20","20-01-2022","Kisumu","Wild","326","707","tilapia","Oreochromis niloticus","protein",18,"g_100g"
"T_001_W","20","20-01-2022","Kisumu","Wild","326","707","tilapia","Oreochromis niloticus","iodine",83,"mug_100g"
"T_001_W","20","20-01-2022","Kisumu","Wild","326","707","tilapia","Oreochromis niloticus","folate",6.3,"mug_100g"
"T_001_W","20","20-01-2022","Kisumu","Wild","326","707","tilapia","Oreochromis niloticus","vitamin_b12",0.47,"mug_100g"
"T_002_W","20.2","20-01-2022","Kisumu","Wild","314","630","tilapia","Oreochromis niloticus","v_mg",2e-04,"mg_100g"
"T_002_W","20.2","20-01-2022","Kisumu","Wild","314","630","tilapia","Oreochromis niloticus","cr_mg", ,"mg_100g"
"T_002_W","20.2","20-01-2022","Kisumu","Wild","314","630","tilapia","Oreochromis niloticus","mn_mg",0.014,"mg_100g"
"T_002_W","20.2","20-01-2022","Kisumu","Wild","314","630","tilapia","Oreochromis niloticus","fe_mg",0.11,"mg_100g"
"T_002_W","20.2","20-01-2022","Kisumu","Wild","314","630","tilapia","Oreochromis niloticus","co_mg", ,"mg_100g"
"T_002_W","20.2","20-01-2022","Kisumu","Wild","314","630","tilapia","Oreochromis niloticus","ni_mg", ,"mg_100g"
"T_002_W","20.2","20-01-2022","Kisumu","Wild","314","630","tilapia","Oreochromis niloticus","cu_mg",0.0085,"mg_100g"
"T_002_W","20.2","20-01-2022","Kisumu","Wild","314","630","tilapia","Oreochromis niloticus","zn_mg",0.25,"mg_100g"
"T_002_W","20.2","20-01-2022","Kisumu","Wild","314","630","tilapia","Oreochromis niloticus","as_mg",5e-04,"mg_100g"
"T_002_W","20.2","20-01-2022","Kisumu","Wild","314","630","tilapia","Oreochromis niloticus","se_mg",0.0071,"mg_100g"
"T_002_W","20.2","20-01-2022","Kisumu","Wild","314","630","tilapia","Oreochromis niloticus","mo_mg", ,"mg_100g"
"T_002_W","20.2","20-01-2022","Kisumu","Wild","314","630","tilapia","Oreochromis niloticus","ag_mg", ,"mg_100g"
"T_002_W","20.2","20-01-2022","Kisumu","Wild","314","630","tilapia","Oreochromis niloticus","cd_mg", ,"mg_100g"
"T_002_W","20.2","20-01-2022","Kisumu","Wild","314","630","tilapia","Oreochromis niloticus","hg_mg",4e-04,"mg_100g"
"T_002_W","20.2","20-01-2022","Kisumu","Wild","314","630","tilapia","Oreochromis niloticus","pb_mg", ,"mg_100g"
"T_002_W","20.2","20-01-2022","Kisumu","Wild","314","630","tilapia","Oreochromis niloticus","ca_mg",9.5,"mg_100g"
"T_002_W","20.2","20-01-2022","Kisumu","Wild","314","630","tilapia","Oreochromis niloticus","na_mg",32,"mg_100g"
"T_002_W","20.2","20-01-2022","Kisumu","Wild","314","630","tilapia","Oreochromis niloticus","k_mg",350,"mg_100g"
"T_002_W","20.2","20-01-2022","Kisumu","Wild","314","630","tilapia","Oreochromis niloticus","mg_mg",25,"mg_100g"
"T_002_W","20.2","20-01-2022","Kisumu","Wild","314","630","tilapia","Oreochromis niloticus","p_mg",160,"mg_100g"
"T_002_W","20.2","20-01-2022","Kisumu","Wild","314","630","tilapia","Oreochromis niloticus","vitamin_d3",4,"mug_100g"
"T_002_W","20.2","20-01-2022","Kisumu","Wild","314","630","tilapia","Oreochromis niloticus","vitamin_a1",0.8,"mug_100g"
"T_002_W","20.2","20-01-2022","Kisumu","Wild","314","630","tilapia","Oreochromis niloticus","vitamin_a2", ,"mug_100g"
"T_002_W","20.2","20-01-2022","Kisumu","Wild","314","630","tilapia","Oreochromis niloticus","protein",18,"g_100g"
"T_002_W","20.2","20-01-2022","Kisumu","Wild","314","630","tilapia","Oreochromis niloticus","iodine",68,"mug_100g"
"T_002_W","20.2","20-01-2022","Kisumu","Wild","314","630","tilapia","Oreochromis niloticus","folate",6.2,"mug_100g"
"T_002_W","20.2","20-01-2022","Kisumu","Wild","314","630","tilapia","Oreochromis niloticus","vitamin_b12",0.33,"mug_100g"
"T_003_W","21.1","20-01-2022","Kisumu","Wild","334","720","tilapia","Oreochromis niloticus","v_mg", ,"mg_100g"
"T_003_W","21.1","20-01-2022","Kisumu","Wild","334","720","tilapia","Oreochromis niloticus","cr_mg", ,"mg_100g"
"T_003_W","21.1","20-01-2022","Kisumu","Wild","334","720","tilapia","Oreochromis niloticus","mn_mg",0.0087,"mg_100g"
"T_003_W","21.1","20-01-2022","Kisumu","Wild","334","720","tilapia","Oreochromis niloticus","fe_mg",0.13,"mg_100g"
"T_003_W","21.1","20-01-2022","Kisumu","Wild","334","720","tilapia","Oreochromis niloticus","co_mg", ,"mg_100g"
"T_003_W","21.1","20-01-2022","Kisumu","Wild","334","720","tilapia","Oreochromis niloticus","ni_mg", ,"mg_100g"
"T_003_W","21.1","20-01-2022","Kisumu","Wild","334","720","tilapia","Oreochromis niloticus","cu_mg",0.0093,"mg_100g"
"T_003_W","21.1","20-01-2022","Kisumu","Wild","334","720","tilapia","Oreochromis niloticus","zn_mg",0.25,"mg_100g"
"T_003_W","21.1","20-01-2022","Kisumu","Wild","334","720","tilapia","Oreochromis niloticus","as_mg",5e-04,"mg_100g"
"T_003_W","21.1","20-01-2022","Kisumu","Wild","334","720","tilapia","Oreochromis niloticus","se_mg",0.012,"mg_100g"
"T_003_W","21.1","20-01-2022","Kisumu","Wild","334","720","tilapia","Oreochromis niloticus","mo_mg", ,"mg_100g"
"T_003_W","21.1","20-01-2022","Kisumu","Wild","334","720","tilapia","Oreochromis niloticus","ag_mg", ,"mg_100g"
"T_003_W","21.1","20-01-2022","Kisumu","Wild","334","720","tilapia","Oreochromis niloticus","cd_mg", ,"mg_100g"
"T_003_W","21.1","20-01-2022","Kisumu","Wild","334","720","tilapia","Oreochromis niloticus","hg_mg",0.0016,"mg_100g"
"T_003_W","21.1","20-01-2022","Kisumu","Wild","334","720","tilapia","Oreochromis niloticus","pb_mg", ,"mg_100g"
"T_003_W","21.1","20-01-2022","Kisumu","Wild","334","720","tilapia","Oreochromis niloticus","ca_mg",9.2,"mg_100g"
"T_003_W","21.1","20-01-2022","Kisumu","Wild","334","720","tilapia","Oreochromis niloticus","na_mg",36,"mg_100g"
"T_003_W","21.1","20-01-2022","Kisumu","Wild","334","720","tilapia","Oreochromis niloticus","k_mg",400,"mg_100g"
"T_003_W","21.1","20-01-2022","Kisumu","Wild","334","720","tilapia","Oreochromis niloticus","mg_mg",27,"mg_100g"
"T_003_W","21.1","20-01-2022","Kisumu","Wild","334","720","tilapia","Oreochromis niloticus","p_mg",180,"mg_100g"
"T_003_W","21.1","20-01-2022","Kisumu","Wild","334","720","tilapia","Oreochromis niloticus","vitamin_d3",46,"mug_100g"
"T_003_W","21.1","20-01-2022","Kisumu","Wild","334","720","tilapia","Oreochromis niloticus","vitamin_a1",0.9,"mug_100g"
"T_003_W","21.1","20-01-2022","Kisumu","Wild","334","720","tilapia","Oreochromis niloticus","vitamin_a2", ,"mug_100g"
"T_003_W","21.1","20-01-2022","Kisumu","Wild","334","720","tilapia","Oreochromis niloticus","protein",20,"g_100g"
"T_003_W","21.1","20-01-2022","Kisumu","Wild","334","720","tilapia","Oreochromis niloticus","iodine",77,"mug_100g"
"T_003_W","21.1","20-01-2022","Kisumu","Wild","334","720","tilapia","Oreochromis niloticus","folate",8,"mug_100g"
"T_003_W","21.1","20-01-2022","Kisumu","Wild","334","720","tilapia","Oreochromis niloticus","vitamin_b12",0.37,"mug_100g"
"T_004_W","20.3","20-01-2022","Kisumu","Wild","325","630","tilapia","Oreochromis niloticus","v_mg",2e-04,"mg_100g"
"T_004_W","20.3","20-01-2022","Kisumu","Wild","325","630","tilapia","Oreochromis niloticus","cr_mg",0.0015,"mg_100g"
"T_004_W","20.3","20-01-2022","Kisumu","Wild","325","630","tilapia","Oreochromis niloticus","mn_mg",0.015,"mg_100g"
"T_004_W","20.3","20-01-2022","Kisumu","Wild","325","630","tilapia","Oreochromis niloticus","fe_mg",0.14,"mg_100g"
"T_004_W","20.3","20-01-2022","Kisumu","Wild","325","630","tilapia","Oreochromis niloticus","co_mg", ,"mg_100g"
"T_004_W","20.3","20-01-2022","Kisumu","Wild","325","630","tilapia","Oreochromis niloticus","ni_mg", ,"mg_100g"
"T_004_W","20.3","20-01-2022","Kisumu","Wild","325","630","tilapia","Oreochromis niloticus","cu_mg",0.0087,"mg_100g"
"T_004_W","20.3","20-01-2022","Kisumu","Wild","325","630","tilapia","Oreochromis niloticus","zn_mg",0.26,"mg_100g"
"T_004_W","20.3","20-01-2022","Kisumu","Wild","325","630","tilapia","Oreochromis niloticus","as_mg",4e-04,"mg_100g"
"T_004_W","20.3","20-01-2022","Kisumu","Wild","325","630","tilapia","Oreochromis niloticus","se_mg",0.0098,"mg_100g"
"T_004_W","20.3","20-01-2022","Kisumu","Wild","325","630","tilapia","Oreochromis niloticus","mo_mg", ,"mg_100g"
"T_004_W","20.3","20-01-2022","Kisumu","Wild","325","630","tilapia","Oreochromis niloticus","ag_mg", ,"mg_100g"
"T_004_W","20.3","20-01-2022","Kisumu","Wild","325","630","tilapia","Oreochromis niloticus","cd_mg", ,"mg_100g"
"T_004_W","20.3","20-01-2022","Kisumu","Wild","325","630","tilapia","Oreochromis niloticus","hg_mg",6e-04,"mg_100g"
"T_004_W","20.3","20-01-2022","Kisumu","Wild","325","630","tilapia","Oreochromis niloticus","pb_mg", ,"mg_100g"
"T_004_W","20.3","20-01-2022","Kisumu","Wild","325","630","tilapia","Oreochromis niloticus","ca_mg",10,"mg_100g"
"T_004_W","20.3","20-01-2022","Kisumu","Wild","325","630","tilapia","Oreochromis niloticus","na_mg",44,"mg_100g"
"T_004_W","20.3","20-01-2022","Kisumu","Wild","325","630","tilapia","Oreochromis niloticus","k_mg",390,"mg_100g"
"T_004_W","20.3","20-01-2022","Kisumu","Wild","325","630","tilapia","Oreochromis niloticus","mg_mg",30,"mg_100g"
"T_004_W","20.3","20-01-2022","Kisumu","Wild","325","630","tilapia","Oreochromis niloticus","p_mg",190,"mg_100g"
"T_004_W","20.3","20-01-2022","Kisumu","Wild","325","630","tilapia","Oreochromis niloticus","vitamin_d3",19,"mug_100g"
"T_004_W","20.3","20-01-2022","Kisumu","Wild","325","630","tilapia","Oreochromis niloticus","vitamin_a1",1,"mug_100g"
"T_004_W","20.3","20-01-2022","Kisumu","Wild","325","630","tilapia","Oreochromis niloticus","vitamin_a2", ,"mug_100g"
"T_004_W","20.3","20-01-2022","Kisumu","Wild","325","630","tilapia","Oreochromis niloticus","protein",19,"g_100g"
"T_004_W","20.3","20-01-2022","Kisumu","Wild","325","630","tilapia","Oreochromis niloticus","iodine",91,"mug_100g"
"T_004_W","20.3","20-01-2022","Kisumu","Wild","325","630","tilapia","Oreochromis niloticus","folate",6.8,"mug_100g"
"T_004_W","20.3","20-01-2022","Kisumu","Wild","325","630","tilapia","Oreochromis niloticus","vitamin_b12",0.3,"mug_100g"
"T_005_W","21.3","20-01-2022","Kisumu","Wild","321","701","tilapia","Oreochromis niloticus","v_mg",5e-04,"mg_100g"
"T_005_W","21.3","20-01-2022","Kisumu","Wild","321","701","tilapia","Oreochromis niloticus","cr_mg",0.0011,"mg_100g"
"T_005_W","21.3","20-01-2022","Kisumu","Wild","321","701","tilapia","Oreochromis niloticus","mn_mg",0.014,"mg_100g"
"T_005_W","21.3","20-01-2022","Kisumu","Wild","321","701","tilapia","Oreochromis niloticus","fe_mg",0.23,"mg_100g"
"T_005_W","21.3","20-01-2022","Kisumu","Wild","321","701","tilapia","Oreochromis niloticus","co_mg", ,"mg_100g"
"T_005_W","21.3","20-01-2022","Kisumu","Wild","321","701","tilapia","Oreochromis niloticus","ni_mg", ,"mg_100g"
"T_005_W","21.3","20-01-2022","Kisumu","Wild","321","701","tilapia","Oreochromis niloticus","cu_mg",0.0096,"mg_100g"
"T_005_W","21.3","20-01-2022","Kisumu","Wild","321","701","tilapia","Oreochromis niloticus","zn_mg",0.29,"mg_100g"
"T_005_W","21.3","20-01-2022","Kisumu","Wild","321","701","tilapia","Oreochromis niloticus","as_mg",4e-04,"mg_100g"
"T_005_W","21.3","20-01-2022","Kisumu","Wild","321","701","tilapia","Oreochromis niloticus","se_mg",0.011,"mg_100g"
"T_005_W","21.3","20-01-2022","Kisumu","Wild","321","701","tilapia","Oreochromis niloticus","mo_mg", ,"mg_100g"
"T_005_W","21.3","20-01-2022","Kisumu","Wild","321","701","tilapia","Oreochromis niloticus","ag_mg", ,"mg_100g"
"T_005_W","21.3","20-01-2022","Kisumu","Wild","321","701","tilapia","Oreochromis niloticus","cd_mg", ,"mg_100g"
"T_005_W","21.3","20-01-2022","Kisumu","Wild","321","701","tilapia","Oreochromis niloticus","hg_mg",9e-04,"mg_100g"
"T_005_W","21.3","20-01-2022","Kisumu","Wild","321","701","tilapia","Oreochromis niloticus","pb_mg", ,"mg_100g"
"T_005_W","21.3","20-01-2022","Kisumu","Wild","321","701","tilapia","Oreochromis niloticus","ca_mg",10,"mg_100g"
"T_005_W","21.3","20-01-2022","Kisumu","Wild","321","701","tilapia","Oreochromis niloticus","na_mg",36,"mg_100g"
"T_005_W","21.3","20-01-2022","Kisumu","Wild","321","701","tilapia","Oreochromis niloticus","k_mg",380,"mg_100g"
"T_005_W","21.3","20-01-2022","Kisumu","Wild","321","701","tilapia","Oreochromis niloticus","mg_mg",28,"mg_100g"
"T_005_W","21.3","20-01-2022","Kisumu","Wild","321","701","tilapia","Oreochromis niloticus","p_mg",180,"mg_100g"
"T_005_W","21.3","20-01-2022","Kisumu","Wild","321","701","tilapia","Oreochromis niloticus","vitamin_d3",30,"mug_100g"
"T_005_W","21.3","20-01-2022","Kisumu","Wild","321","701","tilapia","Oreochromis niloticus","vitamin_a1",0.8,"mug_100g"
"T_005_W","21.3","20-01-2022","Kisumu","Wild","321","701","tilapia","Oreochromis niloticus","vitamin_a2", ,"mug_100g"
"T_005_W","21.3","20-01-2022","Kisumu","Wild","321","701","tilapia","Oreochromis niloticus","protein",20,"g_100g"
"T_005_W","21.3","20-01-2022","Kisumu","Wild","321","701","tilapia","Oreochromis niloticus","iodine",98,"mug_100g"
"T_005_W","21.3","20-01-2022","Kisumu","Wild","321","701","tilapia","Oreochromis niloticus","folate",6.2,"mug_100g"
"T_005_W","21.3","20-01-2022","Kisumu","Wild","321","701","tilapia","Oreochromis niloticus","vitamin_b12",0.17,"mug_100g"
"T_001_C","21.8","20-01-2022","Kisumu","Cage","312","687","tilapia","Oreochromis niloticus","v_mg", ,"mg_100g"
"T_001_C","21.8","20-01-2022","Kisumu","Cage","312","687","tilapia","Oreochromis niloticus","cr_mg", ,"mg_100g"
"T_001_C","21.8","20-01-2022","Kisumu","Cage","312","687","tilapia","Oreochromis niloticus","mn_mg",0.011,"mg_100g"
"T_001_C","21.8","20-01-2022","Kisumu","Cage","312","687","tilapia","Oreochromis niloticus","fe_mg",0.095,"mg_100g"
"T_001_C","21.8","20-01-2022","Kisumu","Cage","312","687","tilapia","Oreochromis niloticus","co_mg", ,"mg_100g"
"T_001_C","21.8","20-01-2022","Kisumu","Cage","312","687","tilapia","Oreochromis niloticus","ni_mg", ,"mg_100g"
"T_001_C","21.8","20-01-2022","Kisumu","Cage","312","687","tilapia","Oreochromis niloticus","cu_mg",0.012,"mg_100g"
"T_001_C","21.8","20-01-2022","Kisumu","Cage","312","687","tilapia","Oreochromis niloticus","zn_mg",0.26,"mg_100g"
"T_001_C","21.8","20-01-2022","Kisumu","Cage","312","687","tilapia","Oreochromis niloticus","as_mg",0.012,"mg_100g"
"T_001_C","21.8","20-01-2022","Kisumu","Cage","312","687","tilapia","Oreochromis niloticus","se_mg",0.01,"mg_100g"
"T_001_C","21.8","20-01-2022","Kisumu","Cage","312","687","tilapia","Oreochromis niloticus","mo_mg", ,"mg_100g"
"T_001_C","21.8","20-01-2022","Kisumu","Cage","312","687","tilapia","Oreochromis niloticus","ag_mg", ,"mg_100g"
"T_001_C","21.8","20-01-2022","Kisumu","Cage","312","687","tilapia","Oreochromis niloticus","cd_mg", ,"mg_100g"
"T_001_C","21.8","20-01-2022","Kisumu","Cage","312","687","tilapia","Oreochromis niloticus","hg_mg",5e-04,"mg_100g"
"T_001_C","21.8","20-01-2022","Kisumu","Cage","312","687","tilapia","Oreochromis niloticus","pb_mg", ,"mg_100g"
"T_001_C","21.8","20-01-2022","Kisumu","Cage","312","687","tilapia","Oreochromis niloticus","ca_mg",11,"mg_100g"
"T_001_C","21.8","20-01-2022","Kisumu","Cage","312","687","tilapia","Oreochromis niloticus","na_mg",40,"mg_100g"
"T_001_C","21.8","20-01-2022","Kisumu","Cage","312","687","tilapia","Oreochromis niloticus","k_mg",350,"mg_100g"
"T_001_C","21.8","20-01-2022","Kisumu","Cage","312","687","tilapia","Oreochromis niloticus","mg_mg",26,"mg_100g"
"T_001_C","21.8","20-01-2022","Kisumu","Cage","312","687","tilapia","Oreochromis niloticus","p_mg",160,"mg_100g"
"T_001_C","21.8","20-01-2022","Kisumu","Cage","312","687","tilapia","Oreochromis niloticus","vitamin_d3",31,"mug_100g"
"T_001_C","21.8","20-01-2022","Kisumu","Cage","312","687","tilapia","Oreochromis niloticus","vitamin_a1",1.2,"mug_100g"
"T_001_C","21.8","20-01-2022","Kisumu","Cage","312","687","tilapia","Oreochromis niloticus","vitamin_a2", ,"mug_100g"
"T_001_C","21.8","20-01-2022","Kisumu","Cage","312","687","tilapia","Oreochromis niloticus","protein",20,"g_100g"
"T_001_C","21.8","20-01-2022","Kisumu","Cage","312","687","tilapia","Oreochromis niloticus","iodine",78,"mug_100g"
"T_001_C","21.8","20-01-2022","Kisumu","Cage","312","687","tilapia","Oreochromis niloticus","folate",2.4,"mug_100g"
"T_001_C","21.8","20-01-2022","Kisumu","Cage","312","687","tilapia","Oreochromis niloticus","vitamin_b12",0.21,"mug_100g"
"T_002_C","22.2","20-01-2022","Kisumu","Cage","315","600","tilapia","Oreochromis niloticus","v_mg", ,"mg_100g"
"T_002_C","22.2","20-01-2022","Kisumu","Cage","315","600","tilapia","Oreochromis niloticus","cr_mg", ,"mg_100g"
"T_002_C","22.2","20-01-2022","Kisumu","Cage","315","600","tilapia","Oreochromis niloticus","mn_mg",0.012,"mg_100g"
"T_002_C","22.2","20-01-2022","Kisumu","Cage","315","600","tilapia","Oreochromis niloticus","fe_mg",0.13,"mg_100g"
"T_002_C","22.2","20-01-2022","Kisumu","Cage","315","600","tilapia","Oreochromis niloticus","co_mg", ,"mg_100g"
"T_002_C","22.2","20-01-2022","Kisumu","Cage","315","600","tilapia","Oreochromis niloticus","ni_mg", ,"mg_100g"
"T_002_C","22.2","20-01-2022","Kisumu","Cage","315","600","tilapia","Oreochromis niloticus","cu_mg",0.011,"mg_100g"
"T_002_C","22.2","20-01-2022","Kisumu","Cage","315","600","tilapia","Oreochromis niloticus","zn_mg",0.28,"mg_100g"
"T_002_C","22.2","20-01-2022","Kisumu","Cage","315","600","tilapia","Oreochromis niloticus","as_mg",0.0095,"mg_100g"
"T_002_C","22.2","20-01-2022","Kisumu","Cage","315","600","tilapia","Oreochromis niloticus","se_mg",0.011,"mg_100g"
"T_002_C","22.2","20-01-2022","Kisumu","Cage","315","600","tilapia","Oreochromis niloticus","mo_mg", ,"mg_100g"
"T_002_C","22.2","20-01-2022","Kisumu","Cage","315","600","tilapia","Oreochromis niloticus","ag_mg", ,"mg_100g"
"T_002_C","22.2","20-01-2022","Kisumu","Cage","315","600","tilapia","Oreochromis niloticus","cd_mg", ,"mg_100g"
"T_002_C","22.2","20-01-2022","Kisumu","Cage","315","600","tilapia","Oreochromis niloticus","hg_mg",5e-04,"mg_100g"
"T_002_C","22.2","20-01-2022","Kisumu","Cage","315","600","tilapia","Oreochromis niloticus","pb_mg", ,"mg_100g"
"T_002_C","22.2","20-01-2022","Kisumu","Cage","315","600","tilapia","Oreochromis niloticus","ca_mg",19,"mg_100g"
"T_002_C","22.2","20-01-2022","Kisumu","Cage","315","600","tilapia","Oreochromis niloticus","na_mg",48,"mg_100g"
"T_002_C","22.2","20-01-2022","Kisumu","Cage","315","600","tilapia","Oreochromis niloticus","k_mg",340,"mg_100g"
"T_002_C","22.2","20-01-2022","Kisumu","Cage","315","600","tilapia","Oreochromis niloticus","mg_mg",27,"mg_100g"
"T_002_C","22.2","20-01-2022","Kisumu","Cage","315","600","tilapia","Oreochromis niloticus","p_mg",170,"mg_100g"
"T_002_C","22.2","20-01-2022","Kisumu","Cage","315","600","tilapia","Oreochromis niloticus","vitamin_d3",31,"mug_100g"
"T_002_C","22.2","20-01-2022","Kisumu","Cage","315","600","tilapia","Oreochromis niloticus","vitamin_a1",1.4,"mug_100g"
"T_002_C","22.2","20-01-2022","Kisumu","Cage","315","600","tilapia","Oreochromis niloticus","vitamin_a2", ,"mug_100g"
"T_002_C","22.2","20-01-2022","Kisumu","Cage","315","600","tilapia","Oreochromis niloticus","protein",20,"g_100g"
"T_002_C","22.2","20-01-2022","Kisumu","Cage","315","600","tilapia","Oreochromis niloticus","iodine",29,"mug_100g"
"T_002_C","22.2","20-01-2022","Kisumu","Cage","315","600","tilapia","Oreochromis niloticus","folate",2.7,"mug_100g"
"T_002_C","22.2","20-01-2022","Kisumu","Cage","315","600","tilapia","Oreochromis niloticus","vitamin_b12",0.34,"mug_100g"
"T_003_C","22.9","20-01-2022","Kisumu","Cage","315","666","tilapia","Oreochromis niloticus","v_mg", ,"mg_100g"
"T_003_C","22.9","20-01-2022","Kisumu","Cage","315","666","tilapia","Oreochromis niloticus","cr_mg",5e-04,"mg_100g"
"T_003_C","22.9","20-01-2022","Kisumu","Cage","315","666","tilapia","Oreochromis niloticus","mn_mg",0.011,"mg_100g"
"T_003_C","22.9","20-01-2022","Kisumu","Cage","315","666","tilapia","Oreochromis niloticus","fe_mg",0.099,"mg_100g"
"T_003_C","22.9","20-01-2022","Kisumu","Cage","315","666","tilapia","Oreochromis niloticus","co_mg", ,"mg_100g"
"T_003_C","22.9","20-01-2022","Kisumu","Cage","315","666","tilapia","Oreochromis niloticus","ni_mg", ,"mg_100g"
"T_003_C","22.9","20-01-2022","Kisumu","Cage","315","666","tilapia","Oreochromis niloticus","cu_mg",0.011,"mg_100g"
"T_003_C","22.9","20-01-2022","Kisumu","Cage","315","666","tilapia","Oreochromis niloticus","zn_mg",0.29,"mg_100g"
"T_003_C","22.9","20-01-2022","Kisumu","Cage","315","666","tilapia","Oreochromis niloticus","as_mg",0.011,"mg_100g"
"T_003_C","22.9","20-01-2022","Kisumu","Cage","315","666","tilapia","Oreochromis niloticus","se_mg",0.012,"mg_100g"
"T_003_C","22.9","20-01-2022","Kisumu","Cage","315","666","tilapia","Oreochromis niloticus","mo_mg", ,"mg_100g"
"T_003_C","22.9","20-01-2022","Kisumu","Cage","315","666","tilapia","Oreochromis niloticus","ag_mg", ,"mg_100g"
"T_003_C","22.9","20-01-2022","Kisumu","Cage","315","666","tilapia","Oreochromis niloticus","cd_mg", ,"mg_100g"
"T_003_C","22.9","20-01-2022","Kisumu","Cage","315","666","tilapia","Oreochromis niloticus","hg_mg",5e-04,"mg_100g"
"T_003_C","22.9","20-01-2022","Kisumu","Cage","315","666","tilapia","Oreochromis niloticus","pb_mg", ,"mg_100g"
"T_003_C","22.9","20-01-2022","Kisumu","Cage","315","666","tilapia","Oreochromis niloticus","ca_mg",10,"mg_100g"
"T_003_C","22.9","20-01-2022","Kisumu","Cage","315","666","tilapia","Oreochromis niloticus","na_mg",37,"mg_100g"
"T_003_C","22.9","20-01-2022","Kisumu","Cage","315","666","tilapia","Oreochromis niloticus","k_mg",360,"mg_100g"
"T_003_C","22.9","20-01-2022","Kisumu","Cage","315","666","tilapia","Oreochromis niloticus","mg_mg",27,"mg_100g"
"T_003_C","22.9","20-01-2022","Kisumu","Cage","315","666","tilapia","Oreochromis niloticus","p_mg",170,"mg_100g"
"T_003_C","22.9","20-01-2022","Kisumu","Cage","315","666","tilapia","Oreochromis niloticus","vitamin_d3",14,"mug_100g"
"T_003_C","22.9","20-01-2022","Kisumu","Cage","315","666","tilapia","Oreochromis niloticus","vitamin_a1",1.5,"mug_100g"
"T_003_C","22.9","20-01-2022","Kisumu","Cage","315","666","tilapia","Oreochromis niloticus","vitamin_a2",0.6,"mug_100g"
"T_003_C","22.9","20-01-2022","Kisumu","Cage","315","666","tilapia","Oreochromis niloticus","protein",20,"g_100g"
"T_003_C","22.9","20-01-2022","Kisumu","Cage","315","666","tilapia","Oreochromis niloticus","iodine",33,"mug_100g"
"T_003_C","22.9","20-01-2022","Kisumu","Cage","315","666","tilapia","Oreochromis niloticus","folate",2.5,"mug_100g"
"T_003_C","22.9","20-01-2022","Kisumu","Cage","315","666","tilapia","Oreochromis niloticus","vitamin_b12",0.24,"mug_100g"
"T_004_C","22.5","20-01-2022","Kisumu","Cage","322","619","tilapia","Oreochromis niloticus","v_mg", ,"mg_100g"
"T_004_C","22.5","20-01-2022","Kisumu","Cage","322","619","tilapia","Oreochromis niloticus","cr_mg",6e-04,"mg_100g"
"T_004_C","22.5","20-01-2022","Kisumu","Cage","322","619","tilapia","Oreochromis niloticus","mn_mg",0.015,"mg_100g"
"T_004_C","22.5","20-01-2022","Kisumu","Cage","322","619","tilapia","Oreochromis niloticus","fe_mg",0.14,"mg_100g"
"T_004_C","22.5","20-01-2022","Kisumu","Cage","322","619","tilapia","Oreochromis niloticus","co_mg", ,"mg_100g"
"T_004_C","22.5","20-01-2022","Kisumu","Cage","322","619","tilapia","Oreochromis niloticus","ni_mg", ,"mg_100g"
"T_004_C","22.5","20-01-2022","Kisumu","Cage","322","619","tilapia","Oreochromis niloticus","cu_mg",0.012,"mg_100g"
"T_004_C","22.5","20-01-2022","Kisumu","Cage","322","619","tilapia","Oreochromis niloticus","zn_mg",0.28,"mg_100g"
"T_004_C","22.5","20-01-2022","Kisumu","Cage","322","619","tilapia","Oreochromis niloticus","as_mg",0.011,"mg_100g"
"T_004_C","22.5","20-01-2022","Kisumu","Cage","322","619","tilapia","Oreochromis niloticus","se_mg",0.012,"mg_100g"
"T_004_C","22.5","20-01-2022","Kisumu","Cage","322","619","tilapia","Oreochromis niloticus","mo_mg", ,"mg_100g"
"T_004_C","22.5","20-01-2022","Kisumu","Cage","322","619","tilapia","Oreochromis niloticus","ag_mg", ,"mg_100g"
"T_004_C","22.5","20-01-2022","Kisumu","Cage","322","619","tilapia","Oreochromis niloticus","cd_mg", ,"mg_100g"
"T_004_C","22.5","20-01-2022","Kisumu","Cage","322","619","tilapia","Oreochromis niloticus","hg_mg",7e-04,"mg_100g"
"T_004_C","22.5","20-01-2022","Kisumu","Cage","322","619","tilapia","Oreochromis niloticus","pb_mg", ,"mg_100g"
"T_004_C","22.5","20-01-2022","Kisumu","Cage","322","619","tilapia","Oreochromis niloticus","ca_mg",13,"mg_100g"
"T_004_C","22.5","20-01-2022","Kisumu","Cage","322","619","tilapia","Oreochromis niloticus","na_mg",41,"mg_100g"
"T_004_C","22.5","20-01-2022","Kisumu","Cage","322","619","tilapia","Oreochromis niloticus","k_mg",350,"mg_100g"
"T_004_C","22.5","20-01-2022","Kisumu","Cage","322","619","tilapia","Oreochromis niloticus","mg_mg",27,"mg_100g"
"T_004_C","22.5","20-01-2022","Kisumu","Cage","322","619","tilapia","Oreochromis niloticus","p_mg",160,"mg_100g"
"T_004_C","22.5","20-01-2022","Kisumu","Cage","322","619","tilapia","Oreochromis niloticus","vitamin_d3",31,"mug_100g"
"T_004_C","22.5","20-01-2022","Kisumu","Cage","322","619","tilapia","Oreochromis niloticus","vitamin_a1",1.4,"mug_100g"
"T_004_C","22.5","20-01-2022","Kisumu","Cage","322","619","tilapia","Oreochromis niloticus","vitamin_a2", ,"mug_100g"
"T_004_C","22.5","20-01-2022","Kisumu","Cage","322","619","tilapia","Oreochromis niloticus","protein",20,"g_100g"
"T_004_C","22.5","20-01-2022","Kisumu","Cage","322","619","tilapia","Oreochromis niloticus","iodine",24,"mug_100g"
"T_004_C","22.5","20-01-2022","Kisumu","Cage","322","619","tilapia","Oreochromis niloticus","folate",1.3,"mug_100g"
"T_004_C","22.5","20-01-2022","Kisumu","Cage","322","619","tilapia","Oreochromis niloticus","vitamin_b12",0.13,"mug_100g"
"T_005_C","21.6","20-01-2022","Kisumu","Cage","309","634","tilapia","Oreochromis niloticus","v_mg", ,"mg_100g"
"T_005_C","21.6","20-01-2022","Kisumu","Cage","309","634","tilapia","Oreochromis niloticus","cr_mg", ,"mg_100g"
"T_005_C","21.6","20-01-2022","Kisumu","Cage","309","634","tilapia","Oreochromis niloticus","mn_mg",0.012,"mg_100g"
"T_005_C","21.6","20-01-2022","Kisumu","Cage","309","634","tilapia","Oreochromis niloticus","fe_mg",0.3,"mg_100g"
"T_005_C","21.6","20-01-2022","Kisumu","Cage","309","634","tilapia","Oreochromis niloticus","co_mg", ,"mg_100g"
"T_005_C","21.6","20-01-2022","Kisumu","Cage","309","634","tilapia","Oreochromis niloticus","ni_mg", ,"mg_100g"
"T_005_C","21.6","20-01-2022","Kisumu","Cage","309","634","tilapia","Oreochromis niloticus","cu_mg",0.011,"mg_100g"
"T_005_C","21.6","20-01-2022","Kisumu","Cage","309","634","tilapia","Oreochromis niloticus","zn_mg",0.29,"mg_100g"
"T_005_C","21.6","20-01-2022","Kisumu","Cage","309","634","tilapia","Oreochromis niloticus","as_mg",0.015,"mg_100g"
"T_005_C","21.6","20-01-2022","Kisumu","Cage","309","634","tilapia","Oreochromis niloticus","se_mg",0.013,"mg_100g"
"T_005_C","21.6","20-01-2022","Kisumu","Cage","309","634","tilapia","Oreochromis niloticus","mo_mg",0.003,"mg_100g"
"T_005_C","21.6","20-01-2022","Kisumu","Cage","309","634","tilapia","Oreochromis niloticus","ag_mg", ,"mg_100g"
"T_005_C","21.6","20-01-2022","Kisumu","Cage","309","634","tilapia","Oreochromis niloticus","cd_mg", ,"mg_100g"
"T_005_C","21.6","20-01-2022","Kisumu","Cage","309","634","tilapia","Oreochromis niloticus","hg_mg",5e-04,"mg_100g"
"T_005_C","21.6","20-01-2022","Kisumu","Cage","309","634","tilapia","Oreochromis niloticus","pb_mg", ,"mg_100g"
"T_005_C","21.6","20-01-2022","Kisumu","Cage","309","634","tilapia","Oreochromis niloticus","ca_mg",10,"mg_100g"
"T_005_C","21.6","20-01-2022","Kisumu","Cage","309","634","tilapia","Oreochromis niloticus","na_mg",38,"mg_100g"
"T_005_C","21.6","20-01-2022","Kisumu","Cage","309","634","tilapia","Oreochromis niloticus","k_mg",360,"mg_100g"
"T_005_C","21.6","20-01-2022","Kisumu","Cage","309","634","tilapia","Oreochromis niloticus","mg_mg",27,"mg_100g"
"T_005_C","21.6","20-01-2022","Kisumu","Cage","309","634","tilapia","Oreochromis niloticus","p_mg",160,"mg_100g"
"T_005_C","21.6","20-01-2022","Kisumu","Cage","309","634","tilapia","Oreochromis niloticus","vitamin_d3",5,"mug_100g"
"T_005_C","21.6","20-01-2022","Kisumu","Cage","309","634","tilapia","Oreochromis niloticus","vitamin_a1",1.2,"mug_100g"
"T_005_C","21.6","20-01-2022","Kisumu","Cage","309","634","tilapia","Oreochromis niloticus","vitamin_a2", ,"mug_100g"
"T_005_C","21.6","20-01-2022","Kisumu","Cage","309","634","tilapia","Oreochromis niloticus","protein",21,"g_100g"
"T_005_C","21.6","20-01-2022","Kisumu","Cage","309","634","tilapia","Oreochromis niloticus","iodine",45,"mug_100g"
"T_005_C","21.6","20-01-2022","Kisumu","Cage","309","634","tilapia","Oreochromis niloticus","folate",2.4,"mug_100g"
"T_005_C","21.6","20-01-2022","Kisumu","Cage","309","634","tilapia","Oreochromis niloticus","vitamin_b12",0.14,"mug_100g"
"T_001_P","19.4","21-01-2022","Kisumu","Pond","246","270","tilapia","Oreochromis niloticus","v_mg",3e-04,"mg_100g"
"T_001_P","19.4","21-01-2022","Kisumu","Pond","246","270","tilapia","Oreochromis niloticus","cr_mg", ,"mg_100g"
"T_001_P","19.4","21-01-2022","Kisumu","Pond","246","270","tilapia","Oreochromis niloticus","mn_mg",0.02,"mg_100g"
"T_001_P","19.4","21-01-2022","Kisumu","Pond","246","270","tilapia","Oreochromis niloticus","fe_mg",0.2,"mg_100g"
"T_001_P","19.4","21-01-2022","Kisumu","Pond","246","270","tilapia","Oreochromis niloticus","co_mg", ,"mg_100g"
"T_001_P","19.4","21-01-2022","Kisumu","Pond","246","270","tilapia","Oreochromis niloticus","ni_mg", ,"mg_100g"
"T_001_P","19.4","21-01-2022","Kisumu","Pond","246","270","tilapia","Oreochromis niloticus","cu_mg",0.0095,"mg_100g"
"T_001_P","19.4","21-01-2022","Kisumu","Pond","246","270","tilapia","Oreochromis niloticus","zn_mg",0.32,"mg_100g"
"T_001_P","19.4","21-01-2022","Kisumu","Pond","246","270","tilapia","Oreochromis niloticus","as_mg",0.001,"mg_100g"
"T_001_P","19.4","21-01-2022","Kisumu","Pond","246","270","tilapia","Oreochromis niloticus","se_mg",0.018,"mg_100g"
"T_001_P","19.4","21-01-2022","Kisumu","Pond","246","270","tilapia","Oreochromis niloticus","mo_mg", ,"mg_100g"
"T_001_P","19.4","21-01-2022","Kisumu","Pond","246","270","tilapia","Oreochromis niloticus","ag_mg", ,"mg_100g"
"T_001_P","19.4","21-01-2022","Kisumu","Pond","246","270","tilapia","Oreochromis niloticus","cd_mg", ,"mg_100g"
"T_001_P","19.4","21-01-2022","Kisumu","Pond","246","270","tilapia","Oreochromis niloticus","hg_mg",9e-04,"mg_100g"
"T_001_P","19.4","21-01-2022","Kisumu","Pond","246","270","tilapia","Oreochromis niloticus","pb_mg", ,"mg_100g"
"T_001_P","19.4","21-01-2022","Kisumu","Pond","246","270","tilapia","Oreochromis niloticus","ca_mg",11,"mg_100g"
"T_001_P","19.4","21-01-2022","Kisumu","Pond","246","270","tilapia","Oreochromis niloticus","na_mg",29,"mg_100g"
"T_001_P","19.4","21-01-2022","Kisumu","Pond","246","270","tilapia","Oreochromis niloticus","k_mg",350,"mg_100g"
"T_001_P","19.4","21-01-2022","Kisumu","Pond","246","270","tilapia","Oreochromis niloticus","mg_mg",24,"mg_100g"
"T_001_P","19.4","21-01-2022","Kisumu","Pond","246","270","tilapia","Oreochromis niloticus","p_mg",160,"mg_100g"
"T_001_P","19.4","21-01-2022","Kisumu","Pond","246","270","tilapia","Oreochromis niloticus","vitamin_d3",33,"mug_100g"
"T_001_P","19.4","21-01-2022","Kisumu","Pond","246","270","tilapia","Oreochromis niloticus","vitamin_a1",1,"mug_100g"
"T_001_P","19.4","21-01-2022","Kisumu","Pond","246","270","tilapia","Oreochromis niloticus","vitamin_a2", ,"mug_100g"
"T_001_P","19.4","21-01-2022","Kisumu","Pond","246","270","tilapia","Oreochromis niloticus","protein",16.5,"g_100g"
"T_001_P","19.4","21-01-2022","Kisumu","Pond","246","270","tilapia","Oreochromis niloticus","iodine",11,"mug_100g"
"T_001_P","19.4","21-01-2022","Kisumu","Pond","246","270","tilapia","Oreochromis niloticus","folate",1.4,"mug_100g"
"T_001_P","19.4","21-01-2022","Kisumu","Pond","246","270","tilapia","Oreochromis niloticus","vitamin_b12",0.97,"mug_100g"
"T_002_P","19.5","21-01-2022","Kisumu","Pond","256","299","tilapia","Oreochromis niloticus","v_mg",4e-04,"mg_100g"
"T_002_P","19.5","21-01-2022","Kisumu","Pond","256","299","tilapia","Oreochromis niloticus","cr_mg",6e-04,"mg_100g"
"T_002_P","19.5","21-01-2022","Kisumu","Pond","256","299","tilapia","Oreochromis niloticus","mn_mg",0.024,"mg_100g"
"T_002_P","19.5","21-01-2022","Kisumu","Pond","256","299","tilapia","Oreochromis niloticus","fe_mg",0.18,"mg_100g"
"T_002_P","19.5","21-01-2022","Kisumu","Pond","256","299","tilapia","Oreochromis niloticus","co_mg",7e-04,"mg_100g"
"T_002_P","19.5","21-01-2022","Kisumu","Pond","256","299","tilapia","Oreochromis niloticus","ni_mg", ,"mg_100g"
"T_002_P","19.5","21-01-2022","Kisumu","Pond","256","299","tilapia","Oreochromis niloticus","cu_mg",0.009,"mg_100g"
"T_002_P","19.5","21-01-2022","Kisumu","Pond","256","299","tilapia","Oreochromis niloticus","zn_mg",0.31,"mg_100g"
"T_002_P","19.5","21-01-2022","Kisumu","Pond","256","299","tilapia","Oreochromis niloticus","as_mg",0.0012,"mg_100g"
"T_002_P","19.5","21-01-2022","Kisumu","Pond","256","299","tilapia","Oreochromis niloticus","se_mg",0.02,"mg_100g"
"T_002_P","19.5","21-01-2022","Kisumu","Pond","256","299","tilapia","Oreochromis niloticus","mo_mg", ,"mg_100g"
"T_002_P","19.5","21-01-2022","Kisumu","Pond","256","299","tilapia","Oreochromis niloticus","ag_mg", ,"mg_100g"
"T_002_P","19.5","21-01-2022","Kisumu","Pond","256","299","tilapia","Oreochromis niloticus","cd_mg", ,"mg_100g"
"T_002_P","19.5","21-01-2022","Kisumu","Pond","256","299","tilapia","Oreochromis niloticus","hg_mg",8e-04,"mg_100g"
"T_002_P","19.5","21-01-2022","Kisumu","Pond","256","299","tilapia","Oreochromis niloticus","pb_mg", ,"mg_100g"
"T_002_P","19.5","21-01-2022","Kisumu","Pond","256","299","tilapia","Oreochromis niloticus","ca_mg",9.9,"mg_100g"
"T_002_P","19.5","21-01-2022","Kisumu","Pond","256","299","tilapia","Oreochromis niloticus","na_mg",29,"mg_100g"
"T_002_P","19.5","21-01-2022","Kisumu","Pond","256","299","tilapia","Oreochromis niloticus","k_mg",370,"mg_100g"
"T_002_P","19.5","21-01-2022","Kisumu","Pond","256","299","tilapia","Oreochromis niloticus","mg_mg",25,"mg_100g"
"T_002_P","19.5","21-01-2022","Kisumu","Pond","256","299","tilapia","Oreochromis niloticus","p_mg",170,"mg_100g"
"T_002_P","19.5","21-01-2022","Kisumu","Pond","256","299","tilapia","Oreochromis niloticus","vitamin_d3",30,"mug_100g"
"T_002_P","19.5","21-01-2022","Kisumu","Pond","256","299","tilapia","Oreochromis niloticus","vitamin_a1",1,"mug_100g"
"T_002_P","19.5","21-01-2022","Kisumu","Pond","256","299","tilapia","Oreochromis niloticus","vitamin_a2", ,"mug_100g"
"T_002_P","19.5","21-01-2022","Kisumu","Pond","256","299","tilapia","Oreochromis niloticus","protein",17,"g_100g"
"T_002_P","19.5","21-01-2022","Kisumu","Pond","256","299","tilapia","Oreochromis niloticus","iodine",30,"mug_100g"
"T_002_P","19.5","21-01-2022","Kisumu","Pond","256","299","tilapia","Oreochromis niloticus","folate",2,"mug_100g"
"T_002_P","19.5","21-01-2022","Kisumu","Pond","256","299","tilapia","Oreochromis niloticus","vitamin_b12",0.76,"mug_100g"
"T_003_P","19","21-01-2022","Kisumu","Pond","248","247","tilapia","Oreochromis niloticus","v_mg",5e-04,"mg_100g"
"T_003_P","19","21-01-2022","Kisumu","Pond","248","247","tilapia","Oreochromis niloticus","cr_mg", ,"mg_100g"
"T_003_P","19","21-01-2022","Kisumu","Pond","248","247","tilapia","Oreochromis niloticus","mn_mg",0.023,"mg_100g"
"T_003_P","19","21-01-2022","Kisumu","Pond","248","247","tilapia","Oreochromis niloticus","fe_mg",0.21,"mg_100g"
"T_003_P","19","21-01-2022","Kisumu","Pond","248","247","tilapia","Oreochromis niloticus","co_mg",5e-04,"mg_100g"
"T_003_P","19","21-01-2022","Kisumu","Pond","248","247","tilapia","Oreochromis niloticus","ni_mg", ,"mg_100g"
"T_003_P","19","21-01-2022","Kisumu","Pond","248","247","tilapia","Oreochromis niloticus","cu_mg",0.013,"mg_100g"
"T_003_P","19","21-01-2022","Kisumu","Pond","248","247","tilapia","Oreochromis niloticus","zn_mg",0.35,"mg_100g"
"T_003_P","19","21-01-2022","Kisumu","Pond","248","247","tilapia","Oreochromis niloticus","as_mg",7e-04,"mg_100g"
"T_003_P","19","21-01-2022","Kisumu","Pond","248","247","tilapia","Oreochromis niloticus","se_mg",0.02,"mg_100g"
"T_003_P","19","21-01-2022","Kisumu","Pond","248","247","tilapia","Oreochromis niloticus","mo_mg", ,"mg_100g"
"T_003_P","19","21-01-2022","Kisumu","Pond","248","247","tilapia","Oreochromis niloticus","ag_mg", ,"mg_100g"
"T_003_P","19","21-01-2022","Kisumu","Pond","248","247","tilapia","Oreochromis niloticus","cd_mg", ,"mg_100g"
"T_003_P","19","21-01-2022","Kisumu","Pond","248","247","tilapia","Oreochromis niloticus","hg_mg",9e-04,"mg_100g"
"T_003_P","19","21-01-2022","Kisumu","Pond","248","247","tilapia","Oreochromis niloticus","pb_mg", ,"mg_100g"
"T_003_P","19","21-01-2022","Kisumu","Pond","248","247","tilapia","Oreochromis niloticus","ca_mg",30,"mg_100g"
"T_003_P","19","21-01-2022","Kisumu","Pond","248","247","tilapia","Oreochromis niloticus","na_mg",27,"mg_100g"
"T_003_P","19","21-01-2022","Kisumu","Pond","248","247","tilapia","Oreochromis niloticus","k_mg",380,"mg_100g"
"T_003_P","19","21-01-2022","Kisumu","Pond","248","247","tilapia","Oreochromis niloticus","mg_mg",26,"mg_100g"
"T_003_P","19","21-01-2022","Kisumu","Pond","248","247","tilapia","Oreochromis niloticus","p_mg",190,"mg_100g"
"T_003_P","19","21-01-2022","Kisumu","Pond","248","247","tilapia","Oreochromis niloticus","vitamin_d3",32,"mug_100g"
"T_003_P","19","21-01-2022","Kisumu","Pond","248","247","tilapia","Oreochromis niloticus","vitamin_a1",1.1,"mug_100g"
"T_003_P","19","21-01-2022","Kisumu","Pond","248","247","tilapia","Oreochromis niloticus","vitamin_a2", ,"mug_100g"
"T_003_P","19","21-01-2022","Kisumu","Pond","248","247","tilapia","Oreochromis niloticus","protein",17,"g_100g"
"T_003_P","19","21-01-2022","Kisumu","Pond","248","247","tilapia","Oreochromis niloticus","iodine",29,"mug_100g"
"T_003_P","19","21-01-2022","Kisumu","Pond","248","247","tilapia","Oreochromis niloticus","folate",1.4,"mug_100g"
"T_003_P","19","21-01-2022","Kisumu","Pond","248","247","tilapia","Oreochromis niloticus","vitamin_b12",0.73,"mug_100g"
"T_004_P","19.7","21-01-2022","Kisumu","Pond","255","278","tilapia","Oreochromis niloticus","v_mg",2e-04,"mg_100g"
"T_004_P","19.7","21-01-2022","Kisumu","Pond","255","278","tilapia","Oreochromis niloticus","cr_mg", ,"mg_100g"
"T_004_P","19.7","21-01-2022","Kisumu","Pond","255","278","tilapia","Oreochromis niloticus","mn_mg",0.013,"mg_100g"
"T_004_P","19.7","21-01-2022","Kisumu","Pond","255","278","tilapia","Oreochromis niloticus","fe_mg",0.16,"mg_100g"
"T_004_P","19.7","21-01-2022","Kisumu","Pond","255","278","tilapia","Oreochromis niloticus","co_mg",5e-04,"mg_100g"
"T_004_P","19.7","21-01-2022","Kisumu","Pond","255","278","tilapia","Oreochromis niloticus","ni_mg", ,"mg_100g"
"T_004_P","19.7","21-01-2022","Kisumu","Pond","255","278","tilapia","Oreochromis niloticus","cu_mg",0.0093,"mg_100g"
"T_004_P","19.7","21-01-2022","Kisumu","Pond","255","278","tilapia","Oreochromis niloticus","zn_mg",0.32,"mg_100g"
"T_004_P","19.7","21-01-2022","Kisumu","Pond","255","278","tilapia","Oreochromis niloticus","as_mg",8e-04,"mg_100g"
"T_004_P","19.7","21-01-2022","Kisumu","Pond","255","278","tilapia","Oreochromis niloticus","se_mg",0.019,"mg_100g"
"T_004_P","19.7","21-01-2022","Kisumu","Pond","255","278","tilapia","Oreochromis niloticus","mo_mg", ,"mg_100g"
"T_004_P","19.7","21-01-2022","Kisumu","Pond","255","278","tilapia","Oreochromis niloticus","ag_mg", ,"mg_100g"
"T_004_P","19.7","21-01-2022","Kisumu","Pond","255","278","tilapia","Oreochromis niloticus","cd_mg", ,"mg_100g"
"T_004_P","19.7","21-01-2022","Kisumu","Pond","255","278","tilapia","Oreochromis niloticus","hg_mg",8e-04,"mg_100g"
"T_004_P","19.7","21-01-2022","Kisumu","Pond","255","278","tilapia","Oreochromis niloticus","pb_mg", ,"mg_100g"
"T_004_P","19.7","21-01-2022","Kisumu","Pond","255","278","tilapia","Oreochromis niloticus","ca_mg",8.4,"mg_100g"
"T_004_P","19.7","21-01-2022","Kisumu","Pond","255","278","tilapia","Oreochromis niloticus","na_mg",26,"mg_100g"
"T_004_P","19.7","21-01-2022","Kisumu","Pond","255","278","tilapia","Oreochromis niloticus","k_mg",370,"mg_100g"
"T_004_P","19.7","21-01-2022","Kisumu","Pond","255","278","tilapia","Oreochromis niloticus","mg_mg",25,"mg_100g"
"T_004_P","19.7","21-01-2022","Kisumu","Pond","255","278","tilapia","Oreochromis niloticus","p_mg",170,"mg_100g"
"T_004_P","19.7","21-01-2022","Kisumu","Pond","255","278","tilapia","Oreochromis niloticus","vitamin_d3",19,"mug_100g"
"T_004_P","19.7","21-01-2022","Kisumu","Pond","255","278","tilapia","Oreochromis niloticus","vitamin_a1",1.1,"mug_100g"
"T_004_P","19.7","21-01-2022","Kisumu","Pond","255","278","tilapia","Oreochromis niloticus","vitamin_a2", ,"mug_100g"
"T_004_P","19.7","21-01-2022","Kisumu","Pond","255","278","tilapia","Oreochromis niloticus","protein",18,"g_100g"
"T_004_P","19.7","21-01-2022","Kisumu","Pond","255","278","tilapia","Oreochromis niloticus","iodine",56,"mug_100g"
"T_004_P","19.7","21-01-2022","Kisumu","Pond","255","278","tilapia","Oreochromis niloticus","folate",1.9,"mug_100g"
"T_004_P","19.7","21-01-2022","Kisumu","Pond","255","278","tilapia","Oreochromis niloticus","vitamin_b12",0.78,"mug_100g"
"T_005_P","19.5","21-01-2022","Kisumu","Pond","254","312","tilapia","Oreochromis niloticus","v_mg",2e-04,"mg_100g"
"T_005_P","19.5","21-01-2022","Kisumu","Pond","254","312","tilapia","Oreochromis niloticus","cr_mg", ,"mg_100g"
"T_005_P","19.5","21-01-2022","Kisumu","Pond","254","312","tilapia","Oreochromis niloticus","mn_mg",0.015,"mg_100g"
"T_005_P","19.5","21-01-2022","Kisumu","Pond","254","312","tilapia","Oreochromis niloticus","fe_mg",0.16,"mg_100g"
"T_005_P","19.5","21-01-2022","Kisumu","Pond","254","312","tilapia","Oreochromis niloticus","co_mg",6e-04,"mg_100g"
"T_005_P","19.5","21-01-2022","Kisumu","Pond","254","312","tilapia","Oreochromis niloticus","ni_mg", ,"mg_100g"
"T_005_P","19.5","21-01-2022","Kisumu","Pond","254","312","tilapia","Oreochromis niloticus","cu_mg",0.01,"mg_100g"
"T_005_P","19.5","21-01-2022","Kisumu","Pond","254","312","tilapia","Oreochromis niloticus","zn_mg",0.37,"mg_100g"
"T_005_P","19.5","21-01-2022","Kisumu","Pond","254","312","tilapia","Oreochromis niloticus","as_mg",0.0011,"mg_100g"
"T_005_P","19.5","21-01-2022","Kisumu","Pond","254","312","tilapia","Oreochromis niloticus","se_mg",0.018,"mg_100g"
"T_005_P","19.5","21-01-2022","Kisumu","Pond","254","312","tilapia","Oreochromis niloticus","mo_mg", ,"mg_100g"
"T_005_P","19.5","21-01-2022","Kisumu","Pond","254","312","tilapia","Oreochromis niloticus","ag_mg", ,"mg_100g"
"T_005_P","19.5","21-01-2022","Kisumu","Pond","254","312","tilapia","Oreochromis niloticus","cd_mg", ,"mg_100g"
"T_005_P","19.5","21-01-2022","Kisumu","Pond","254","312","tilapia","Oreochromis niloticus","hg_mg",8e-04,"mg_100g"
"T_005_P","19.5","21-01-2022","Kisumu","Pond","254","312","tilapia","Oreochromis niloticus","pb_mg", ,"mg_100g"
"T_005_P","19.5","21-01-2022","Kisumu","Pond","254","312","tilapia","Oreochromis niloticus","ca_mg",7.8,"mg_100g"
"T_005_P","19.5","21-01-2022","Kisumu","Pond","254","312","tilapia","Oreochromis niloticus","na_mg",30,"mg_100g"
"T_005_P","19.5","21-01-2022","Kisumu","Pond","254","312","tilapia","Oreochromis niloticus","k_mg",380,"mg_100g"
"T_005_P","19.5","21-01-2022","Kisumu","Pond","254","312","tilapia","Oreochromis niloticus","mg_mg",25,"mg_100g"
"T_005_P","19.5","21-01-2022","Kisumu","Pond","254","312","tilapia","Oreochromis niloticus","p_mg",170,"mg_100g"
"T_005_P","19.5","21-01-2022","Kisumu","Pond","254","312","tilapia","Oreochromis niloticus","vitamin_d3",20,"mug_100g"
"T_005_P","19.5","21-01-2022","Kisumu","Pond","254","312","tilapia","Oreochromis niloticus","vitamin_a1",1.1,"mug_100g"
"T_005_P","19.5","21-01-2022","Kisumu","Pond","254","312","tilapia","Oreochromis niloticus","vitamin_a2", ,"mug_100g"
"T_005_P","19.5","21-01-2022","Kisumu","Pond","254","312","tilapia","Oreochromis niloticus","protein",17,"g_100g"
"T_005_P","19.5","21-01-2022","Kisumu","Pond","254","312","tilapia","Oreochromis niloticus","iodine",25,"mug_100g"
"T_005_P","19.5","21-01-2022","Kisumu","Pond","254","312","tilapia","Oreochromis niloticus","folate",1.2,"mug_100g"
"T_005_P","19.5","21-01-2022","Kisumu","Pond","254","312","tilapia","Oreochromis niloticus","vitamin_b12",0.77,"mug_100g"
"T_001_I","21.2","21-01-2022","Kisumu","Import","276","426","tilapia","Oreochromis niloticus","v_mg",2e-04,"mg_100g"
"T_001_I","21.2","21-01-2022","Kisumu","Import","276","426","tilapia","Oreochromis niloticus","cr_mg",6e-04,"mg_100g"
"T_001_I","21.2","21-01-2022","Kisumu","Import","276","426","tilapia","Oreochromis niloticus","mn_mg",0.018,"mg_100g"
"T_001_I","21.2","21-01-2022","Kisumu","Import","276","426","tilapia","Oreochromis niloticus","fe_mg",0.19,"mg_100g"
"T_001_I","21.2","21-01-2022","Kisumu","Import","276","426","tilapia","Oreochromis niloticus","co_mg",9e-04,"mg_100g"
"T_001_I","21.2","21-01-2022","Kisumu","Import","276","426","tilapia","Oreochromis niloticus","ni_mg", ,"mg_100g"
"T_001_I","21.2","21-01-2022","Kisumu","Import","276","426","tilapia","Oreochromis niloticus","cu_mg",0.011,"mg_100g"
"T_001_I","21.2","21-01-2022","Kisumu","Import","276","426","tilapia","Oreochromis niloticus","zn_mg",0.42,"mg_100g"
"T_001_I","21.2","21-01-2022","Kisumu","Import","276","426","tilapia","Oreochromis niloticus","as_mg",0.0052,"mg_100g"
"T_001_I","21.2","21-01-2022","Kisumu","Import","276","426","tilapia","Oreochromis niloticus","se_mg",0.022,"mg_100g"
"T_001_I","21.2","21-01-2022","Kisumu","Import","276","426","tilapia","Oreochromis niloticus","mo_mg", ,"mg_100g"
"T_001_I","21.2","21-01-2022","Kisumu","Import","276","426","tilapia","Oreochromis niloticus","ag_mg", ,"mg_100g"
"T_001_I","21.2","21-01-2022","Kisumu","Import","276","426","tilapia","Oreochromis niloticus","cd_mg", ,"mg_100g"
"T_001_I","21.2","21-01-2022","Kisumu","Import","276","426","tilapia","Oreochromis niloticus","hg_mg",0.001,"mg_100g"
"T_001_I","21.2","21-01-2022","Kisumu","Import","276","426","tilapia","Oreochromis niloticus","pb_mg", ,"mg_100g"
"T_001_I","21.2","21-01-2022","Kisumu","Import","276","426","tilapia","Oreochromis niloticus","ca_mg",15,"mg_100g"
"T_001_I","21.2","21-01-2022","Kisumu","Import","276","426","tilapia","Oreochromis niloticus","na_mg",56,"mg_100g"
"T_001_I","21.2","21-01-2022","Kisumu","Import","276","426","tilapia","Oreochromis niloticus","k_mg",240,"mg_100g"
"T_001_I","21.2","21-01-2022","Kisumu","Import","276","426","tilapia","Oreochromis niloticus","mg_mg",23,"mg_100g"
"T_001_I","21.2","21-01-2022","Kisumu","Import","276","426","tilapia","Oreochromis niloticus","p_mg",110,"mg_100g"
"T_001_I","21.2","21-01-2022","Kisumu","Import","276","426","tilapia","Oreochromis niloticus","vitamin_d3",11,"mug_100g"
"T_001_I","21.2","21-01-2022","Kisumu","Import","276","426","tilapia","Oreochromis niloticus","vitamin_a1",2.4,"mug_100g"
"T_001_I","21.2","21-01-2022","Kisumu","Import","276","426","tilapia","Oreochromis niloticus","vitamin_a2",1.6,"mug_100g"
"T_001_I","21.2","21-01-2022","Kisumu","Import","276","426","tilapia","Oreochromis niloticus","protein",19,"g_100g"
"T_001_I","21.2","21-01-2022","Kisumu","Import","276","426","tilapia","Oreochromis niloticus","iodine",38,"mug_100g"
"T_001_I","21.2","21-01-2022","Kisumu","Import","276","426","tilapia","Oreochromis niloticus","folate",14,"mug_100g"
"T_001_I","21.2","21-01-2022","Kisumu","Import","276","426","tilapia","Oreochromis niloticus","vitamin_b12",0.88,"mug_100g"
"T_002_I","21.8","21-01-2022","Kisumu","Import","246","355","tilapia","Oreochromis niloticus","v_mg",4e-04,"mg_100g"
"T_002_I","21.8","21-01-2022","Kisumu","Import","246","355","tilapia","Oreochromis niloticus","cr_mg",6e-04,"mg_100g"
"T_002_I","21.8","21-01-2022","Kisumu","Import","246","355","tilapia","Oreochromis niloticus","mn_mg",0.02,"mg_100g"
"T_002_I","21.8","21-01-2022","Kisumu","Import","246","355","tilapia","Oreochromis niloticus","fe_mg",0.19,"mg_100g"
"T_002_I","21.8","21-01-2022","Kisumu","Import","246","355","tilapia","Oreochromis niloticus","co_mg",0.0013,"mg_100g"
"T_002_I","21.8","21-01-2022","Kisumu","Import","246","355","tilapia","Oreochromis niloticus","ni_mg", ,"mg_100g"
"T_002_I","21.8","21-01-2022","Kisumu","Import","246","355","tilapia","Oreochromis niloticus","cu_mg",0.0097,"mg_100g"
"T_002_I","21.8","21-01-2022","Kisumu","Import","246","355","tilapia","Oreochromis niloticus","zn_mg",0.36,"mg_100g"
"T_002_I","21.8","21-01-2022","Kisumu","Import","246","355","tilapia","Oreochromis niloticus","as_mg",0.0085,"mg_100g"
"T_002_I","21.8","21-01-2022","Kisumu","Import","246","355","tilapia","Oreochromis niloticus","se_mg",0.029,"mg_100g"
"T_002_I","21.8","21-01-2022","Kisumu","Import","246","355","tilapia","Oreochromis niloticus","mo_mg", ,"mg_100g"
"T_002_I","21.8","21-01-2022","Kisumu","Import","246","355","tilapia","Oreochromis niloticus","ag_mg", ,"mg_100g"
"T_002_I","21.8","21-01-2022","Kisumu","Import","246","355","tilapia","Oreochromis niloticus","cd_mg", ,"mg_100g"
"T_002_I","21.8","21-01-2022","Kisumu","Import","246","355","tilapia","Oreochromis niloticus","hg_mg",2e-04,"mg_100g"
"T_002_I","21.8","21-01-2022","Kisumu","Import","246","355","tilapia","Oreochromis niloticus","pb_mg", ,"mg_100g"
"T_002_I","21.8","21-01-2022","Kisumu","Import","246","355","tilapia","Oreochromis niloticus","ca_mg",17,"mg_100g"
"T_002_I","21.8","21-01-2022","Kisumu","Import","246","355","tilapia","Oreochromis niloticus","na_mg",52,"mg_100g"
"T_002_I","21.8","21-01-2022","Kisumu","Import","246","355","tilapia","Oreochromis niloticus","k_mg",280,"mg_100g"
"T_002_I","21.8","21-01-2022","Kisumu","Import","246","355","tilapia","Oreochromis niloticus","mg_mg",23,"mg_100g"
"T_002_I","21.8","21-01-2022","Kisumu","Import","246","355","tilapia","Oreochromis niloticus","p_mg",130,"mg_100g"
"T_002_I","21.8","21-01-2022","Kisumu","Import","246","355","tilapia","Oreochromis niloticus","vitamin_d3",12,"mug_100g"
"T_002_I","21.8","21-01-2022","Kisumu","Import","246","355","tilapia","Oreochromis niloticus","vitamin_a1",1.5,"mug_100g"
"T_002_I","21.8","21-01-2022","Kisumu","Import","246","355","tilapia","Oreochromis niloticus","vitamin_a2",0.7,"mug_100g"
"T_002_I","21.8","21-01-2022","Kisumu","Import","246","355","tilapia","Oreochromis niloticus","protein",19,"g_100g"
"T_002_I","21.8","21-01-2022","Kisumu","Import","246","355","tilapia","Oreochromis niloticus","iodine",59,"mug_100g"
"T_002_I","21.8","21-01-2022","Kisumu","Import","246","355","tilapia","Oreochromis niloticus","folate",7.2,"mug_100g"
"T_002_I","21.8","21-01-2022","Kisumu","Import","246","355","tilapia","Oreochromis niloticus","vitamin_b12",0.79,"mug_100g"
"T_003_I","20.4","21-01-2022","Kisumu","Import","267","368","tilapia","Oreochromis niloticus","v_mg",2e-04,"mg_100g"
"T_003_I","20.4","21-01-2022","Kisumu","Import","267","368","tilapia","Oreochromis niloticus","cr_mg", ,"mg_100g"
"T_003_I","20.4","21-01-2022","Kisumu","Import","267","368","tilapia","Oreochromis niloticus","mn_mg",0.025,"mg_100g"
"T_003_I","20.4","21-01-2022","Kisumu","Import","267","368","tilapia","Oreochromis niloticus","fe_mg",0.13,"mg_100g"
"T_003_I","20.4","21-01-2022","Kisumu","Import","267","368","tilapia","Oreochromis niloticus","co_mg",7e-04,"mg_100g"
"T_003_I","20.4","21-01-2022","Kisumu","Import","267","368","tilapia","Oreochromis niloticus","ni_mg", ,"mg_100g"
"T_003_I","20.4","21-01-2022","Kisumu","Import","267","368","tilapia","Oreochromis niloticus","cu_mg",0.009,"mg_100g"
"T_003_I","20.4","21-01-2022","Kisumu","Import","267","368","tilapia","Oreochromis niloticus","zn_mg",0.34,"mg_100g"
"T_003_I","20.4","21-01-2022","Kisumu","Import","267","368","tilapia","Oreochromis niloticus","as_mg",0.0038,"mg_100g"
"T_003_I","20.4","21-01-2022","Kisumu","Import","267","368","tilapia","Oreochromis niloticus","se_mg",0.022,"mg_100g"
"T_003_I","20.4","21-01-2022","Kisumu","Import","267","368","tilapia","Oreochromis niloticus","mo_mg", ,"mg_100g"
"T_003_I","20.4","21-01-2022","Kisumu","Import","267","368","tilapia","Oreochromis niloticus","ag_mg", ,"mg_100g"
"T_003_I","20.4","21-01-2022","Kisumu","Import","267","368","tilapia","Oreochromis niloticus","cd_mg", ,"mg_100g"
"T_003_I","20.4","21-01-2022","Kisumu","Import","267","368","tilapia","Oreochromis niloticus","hg_mg",0.0012,"mg_100g"
"T_003_I","20.4","21-01-2022","Kisumu","Import","267","368","tilapia","Oreochromis niloticus","pb_mg", ,"mg_100g"
"T_003_I","20.4","21-01-2022","Kisumu","Import","267","368","tilapia","Oreochromis niloticus","ca_mg",18,"mg_100g"
"T_003_I","20.4","21-01-2022","Kisumu","Import","267","368","tilapia","Oreochromis niloticus","na_mg",40,"mg_100g"
"T_003_I","20.4","21-01-2022","Kisumu","Import","267","368","tilapia","Oreochromis niloticus","k_mg",280,"mg_100g"
"T_003_I","20.4","21-01-2022","Kisumu","Import","267","368","tilapia","Oreochromis niloticus","mg_mg",24,"mg_100g"
"T_003_I","20.4","21-01-2022","Kisumu","Import","267","368","tilapia","Oreochromis niloticus","p_mg",130,"mg_100g"
"T_003_I","20.4","21-01-2022","Kisumu","Import","267","368","tilapia","Oreochromis niloticus","vitamin_d3",44,"mug_100g"
"T_003_I","20.4","21-01-2022","Kisumu","Import","267","368","tilapia","Oreochromis niloticus","vitamin_a1",3.3,"mug_100g"
"T_003_I","20.4","21-01-2022","Kisumu","Import","267","368","tilapia","Oreochromis niloticus","vitamin_a2",1,"mug_100g"
"T_003_I","20.4","21-01-2022","Kisumu","Import","267","368","tilapia","Oreochromis niloticus","protein",18,"g_100g"
"T_003_I","20.4","21-01-2022","Kisumu","Import","267","368","tilapia","Oreochromis niloticus","iodine",110,"mug_100g"
"T_003_I","20.4","21-01-2022","Kisumu","Import","267","368","tilapia","Oreochromis niloticus","folate",12,"mug_100g"
"T_003_I","20.4","21-01-2022","Kisumu","Import","267","368","tilapia","Oreochromis niloticus","vitamin_b12",0.86,"mug_100g"
"T_004_I","19.7","21-01-2022","Kisumu","Import","261","314","tilapia","Oreochromis niloticus","v_mg",5e-04,"mg_100g"
"T_004_I","19.7","21-01-2022","Kisumu","Import","261","314","tilapia","Oreochromis niloticus","cr_mg",6e-04,"mg_100g"
"T_004_I","19.7","21-01-2022","Kisumu","Import","261","314","tilapia","Oreochromis niloticus","mn_mg",0.016,"mg_100g"
"T_004_I","19.7","21-01-2022","Kisumu","Import","261","314","tilapia","Oreochromis niloticus","fe_mg",0.25,"mg_100g"
"T_004_I","19.7","21-01-2022","Kisumu","Import","261","314","tilapia","Oreochromis niloticus","co_mg",0.002,"mg_100g"
"T_004_I","19.7","21-01-2022","Kisumu","Import","261","314","tilapia","Oreochromis niloticus","ni_mg", ,"mg_100g"
"T_004_I","19.7","21-01-2022","Kisumu","Import","261","314","tilapia","Oreochromis niloticus","cu_mg",0.014,"mg_100g"
"T_004_I","19.7","21-01-2022","Kisumu","Import","261","314","tilapia","Oreochromis niloticus","zn_mg",0.37,"mg_100g"
"T_004_I","19.7","21-01-2022","Kisumu","Import","261","314","tilapia","Oreochromis niloticus","as_mg",0.012,"mg_100g"
"T_004_I","19.7","21-01-2022","Kisumu","Import","261","314","tilapia","Oreochromis niloticus","se_mg",0.031,"mg_100g"
"T_004_I","19.7","21-01-2022","Kisumu","Import","261","314","tilapia","Oreochromis niloticus","mo_mg", ,"mg_100g"
"T_004_I","19.7","21-01-2022","Kisumu","Import","261","314","tilapia","Oreochromis niloticus","ag_mg", ,"mg_100g"
"T_004_I","19.7","21-01-2022","Kisumu","Import","261","314","tilapia","Oreochromis niloticus","cd_mg",1e-04,"mg_100g"
"T_004_I","19.7","21-01-2022","Kisumu","Import","261","314","tilapia","Oreochromis niloticus","hg_mg",2e-04,"mg_100g"
"T_004_I","19.7","21-01-2022","Kisumu","Import","261","314","tilapia","Oreochromis niloticus","pb_mg", ,"mg_100g"
"T_004_I","19.7","21-01-2022","Kisumu","Import","261","314","tilapia","Oreochromis niloticus","ca_mg",25,"mg_100g"
"T_004_I","19.7","21-01-2022","Kisumu","Import","261","314","tilapia","Oreochromis niloticus","na_mg",60,"mg_100g"
"T_004_I","19.7","21-01-2022","Kisumu","Import","261","314","tilapia","Oreochromis niloticus","k_mg",310,"mg_100g"
"T_004_I","19.7","21-01-2022","Kisumu","Import","261","314","tilapia","Oreochromis niloticus","mg_mg",21,"mg_100g"
"T_004_I","19.7","21-01-2022","Kisumu","Import","261","314","tilapia","Oreochromis niloticus","p_mg",130,"mg_100g"
"T_004_I","19.7","21-01-2022","Kisumu","Import","261","314","tilapia","Oreochromis niloticus","vitamin_d3",13,"mug_100g"
"T_004_I","19.7","21-01-2022","Kisumu","Import","261","314","tilapia","Oreochromis niloticus","vitamin_a1",2,"mug_100g"
"T_004_I","19.7","21-01-2022","Kisumu","Import","261","314","tilapia","Oreochromis niloticus","vitamin_a2",0.5,"mug_100g"
"T_004_I","19.7","21-01-2022","Kisumu","Import","261","314","tilapia","Oreochromis niloticus","protein",17,"g_100g"
"T_004_I","19.7","21-01-2022","Kisumu","Import","261","314","tilapia","Oreochromis niloticus","iodine",59,"mug_100g"
"T_004_I","19.7","21-01-2022","Kisumu","Import","261","314","tilapia","Oreochromis niloticus","folate",7.9,"mug_100g"
"T_004_I","19.7","21-01-2022","Kisumu","Import","261","314","tilapia","Oreochromis niloticus","vitamin_b12",0.67,"mug_100g"
"T_005_I","18.6","21-01-2022","Kisumu","Import","257","377","tilapia","Oreochromis niloticus","v_mg",1e-04,"mg_100g"
"T_005_I","18.6","21-01-2022","Kisumu","Import","257","377","tilapia","Oreochromis niloticus","cr_mg", ,"mg_100g"
"T_005_I","18.6","21-01-2022","Kisumu","Import","257","377","tilapia","Oreochromis niloticus","mn_mg",0.012,"mg_100g"
"T_005_I","18.6","21-01-2022","Kisumu","Import","257","377","tilapia","Oreochromis niloticus","fe_mg",0.14,"mg_100g"
"T_005_I","18.6","21-01-2022","Kisumu","Import","257","377","tilapia","Oreochromis niloticus","co_mg",6e-04,"mg_100g"
"T_005_I","18.6","21-01-2022","Kisumu","Import","257","377","tilapia","Oreochromis niloticus","ni_mg", ,"mg_100g"
"T_005_I","18.6","21-01-2022","Kisumu","Import","257","377","tilapia","Oreochromis niloticus","cu_mg",0.011,"mg_100g"
"T_005_I","18.6","21-01-2022","Kisumu","Import","257","377","tilapia","Oreochromis niloticus","zn_mg",0.28,"mg_100g"
"T_005_I","18.6","21-01-2022","Kisumu","Import","257","377","tilapia","Oreochromis niloticus","as_mg",0.0024,"mg_100g"
"T_005_I","18.6","21-01-2022","Kisumu","Import","257","377","tilapia","Oreochromis niloticus","se_mg",0.024,"mg_100g"
"T_005_I","18.6","21-01-2022","Kisumu","Import","257","377","tilapia","Oreochromis niloticus","mo_mg", ,"mg_100g"
"T_005_I","18.6","21-01-2022","Kisumu","Import","257","377","tilapia","Oreochromis niloticus","ag_mg", ,"mg_100g"
"T_005_I","18.6","21-01-2022","Kisumu","Import","257","377","tilapia","Oreochromis niloticus","cd_mg", ,"mg_100g"
"T_005_I","18.6","21-01-2022","Kisumu","Import","257","377","tilapia","Oreochromis niloticus","hg_mg",7e-04,"mg_100g"
"T_005_I","18.6","21-01-2022","Kisumu","Import","257","377","tilapia","Oreochromis niloticus","pb_mg", ,"mg_100g"
"T_005_I","18.6","21-01-2022","Kisumu","Import","257","377","tilapia","Oreochromis niloticus","ca_mg",11,"mg_100g"
"T_005_I","18.6","21-01-2022","Kisumu","Import","257","377","tilapia","Oreochromis niloticus","na_mg",42,"mg_100g"
"T_005_I","18.6","21-01-2022","Kisumu","Import","257","377","tilapia","Oreochromis niloticus","k_mg",270,"mg_100g"
"T_005_I","18.6","21-01-2022","Kisumu","Import","257","377","tilapia","Oreochromis niloticus","mg_mg",22,"mg_100g"
"T_005_I","18.6","21-01-2022","Kisumu","Import","257","377","tilapia","Oreochromis niloticus","p_mg",120,"mg_100g"
"T_005_I","18.6","21-01-2022","Kisumu","Import","257","377","tilapia","Oreochromis niloticus","vitamin_d3",17,"mug_100g"
"T_005_I","18.6","21-01-2022","Kisumu","Import","257","377","tilapia","Oreochromis niloticus","vitamin_a1",1.4,"mug_100g"
"T_005_I","18.6","21-01-2022","Kisumu","Import","257","377","tilapia","Oreochromis niloticus","vitamin_a2",0.8,"mug_100g"
"T_005_I","18.6","21-01-2022","Kisumu","Import","257","377","tilapia","Oreochromis niloticus","protein",16.4,"g_100g"
"T_005_I","18.6","21-01-2022","Kisumu","Import","257","377","tilapia","Oreochromis niloticus","iodine",23,"mug_100g"
"T_005_I","18.6","21-01-2022","Kisumu","Import","257","377","tilapia","Oreochromis niloticus","folate",8.1,"mug_100g"
"T_005_I","18.6","21-01-2022","Kisumu","Import","257","377","tilapia","Oreochromis niloticus","vitamin_b12",0.79,"mug_100g"
